<?xml version="1.0" encoding="UTF-8"?>
<project-private xmlns="http://www.netbeans.org/ns/project-private/1">
    <editor-bookmarks xmlns="http://www.netbeans.org/ns/editor-bookmarks/2" lastBookmarkId="0"/>
    <open-files xmlns="http://www.netbeans.org/ns/projectui-open-files/2">
        <group>
            <file>file:/D:/KULIAH/Struktur%20Data%20Linier%20D%20(TI%20I20212022)/Tugas/Netbean/Project_Akhir_SDL/src/GUINya/Form_Antrian_Bank.java</file>
            <file>file:/D:/KULIAH/Struktur%20Data%20Linier%20D%20(TI%20I20212022)/Tugas/Netbean/Project_Akhir_SDL/src/project_akhir_sdl/MyUniQueue.java</file>
            <file>file:/D:/KULIAH/Struktur%20Data%20Linier%20D%20(TI%20I20212022)/Tugas/Netbean/Project_Akhir_SDL/src/project_akhir_sdl/doubleHeadedLinkedList_generic.java</file>
            <file>file:/D:/KULIAH/Struktur%20Data%20Linier%20D%20(TI%20I20212022)/Tugas/Netbean/Project_Akhir_SDL/src/project_akhir_sdl/Main_Pogram.java</file>
            <file>file:/D:/KULIAH/Struktur%20Data%20Linier%20D%20(TI%20I20212022)/Tugas/Netbean/Project_Akhir_SDL/src/project_akhir_sdl/Antrian.java</file>
            <file>file:/D:/KULIAH/Struktur%20Data%20Linier%20D%20(TI%20I20212022)/Tugas/Netbean/Project_Akhir_SDL/src/GUINya/JDialog_Tambah_Antrian.java</file>
        </group>
    </open-files>
</project-private>
