<?xml version="1.0" encoding="UTF-8"?>
<project-private xmlns="http://www.netbeans.org/ns/project-private/1">
    <editor-bookmarks xmlns="http://www.netbeans.org/ns/editor-bookmarks/2" lastBookmarkId="0"/>
    <open-files xmlns="http://www.netbeans.org/ns/projectui-open-files/2">
        <group>
            <file>file:/C:/Users/Michael/Documents/NetBeansProjects/AntrianApotek/src/antrianapotek/MyCircularHeadedDoubleLinkedList.java</file>
            <file>file:/C:/Users/Michael/Documents/NetBeansProjects/AntrianApotek/src/antrianapotek/FrAntrianApotek.java</file>
            <file>file:/C:/Users/Michael/Documents/NetBeansProjects/AntrianApotek/src/antrianapotek/AntrianApotek.java</file>
            <file>file:/C:/Users/Michael/Documents/NetBeansProjects/AntrianApotek/src/antrianapotek/Customer.java</file>
            <file>file:/C:/Users/Michael/Documents/NetBeansProjects/AntrianApotek/src/antrianapotek/MyQueue.java</file>
        </group>
    </open-files>
</project-private>
